external_id,name,category_raw,address_clean,postcode_digits,city_market,lat,lon,website_norm,phones_e164,emails_final_clean,facebook_url_final_clean_best,instagram_url_final_clean_best,whatsapp_url_final_clean_best,youtube_url_final_clean_best,tiktok_url_final_clean_best,linkedin_url_final_clean_best,telegram_url_final_clean_best,twitter_url_final_clean_best,pinterest_url_final_clean_best,google_maps_url,open_status_norm,working_hours
ChIJNVQNg6H4sUARcmVtkcooK8M,Expert Implant - Cabinet Stomatologic Sector 2,Clinică de stomatologie,"Strada Ceaikovski 15A, București",020262,București,44.465246,26.1079535,https://www.expertimplant.ro/,+40744543000,contact@expertimplant.ro,https://www.facebook.com/expertimplant.ro,,,,,,,,,https://www.google.com/maps/place/Expert+Implant+-+Cabinet+Stomatologic+Sector+2/data=!4m7!3m6!1s0x40b1f8a1830d5435:0xc32b28ca916d6572!8m2!3d44.465246!4d26.1079535!16s%2Fg%2F1hhjx2s4k!19sChIJNVQNg6H4sUARcmVtkcooK8M?authuser=0&hl=ru&rclk=1,open,miercuri: 12–19; joi: 12–19; vineri: 12–19; sâmbătă: Închis; duminică: Închis; luni: 12–19; marți: 12–19
ChIJz5YrdAUCskARFdmI2Fc9ENA,DENT ESTET 4 TEENS,Clinică de stomatologie,"Bulevardul Aviatorilor Nr. 27, București",010016,București,44.46194,26.085534,https://de4teens.ro/contact/,+40756206030,smile@de4teens.ro,https://www.facebook.com/DENTESTET4TEENS,https://www.instagram.com/dent.estet.4.teens,,,,,,,,https://www.google.com/maps/place/DENT+ESTET+4+TEENS/data=!4m7!3m6!1s0x40b20205742b96cf:0xd0103d57d888d915!8m2!3d44.46194!4d26.085534!16s%2Fg%2F1234lrqc0!19sChIJz5YrdAUCskARFdmI2Fc9ENA?authuser=0&hl=ru&rclk=1,open,miercuri: 08–21; joi: 08–21; vineri: 08–21; sâmbătă: 08–14; duminică: Închis; luni: 08–21; marți: 08–21
g/11j7c1tdzg,DentOP Petru Rareș,Clinică de stomatologie,"Strada Petru Rareș 15, București",011101,București,44.4510929,26.0720396,https://dentop.ro/,+40371701178,contact@dentop.ro,https://www.facebook.com/DentOPRomania,https://www.instagram.com/dentop.ro,https://wa.me/+40756991131,https://www.youtube.com/channel/UCXe_ou9TYHDcO3L5u1sqlaw,,,,,,"https://www.google.com/maps/place/DentOP+Petru+Rare%C8%99/@44.4510929,26.0720396,17z/data=!3m1!4b1!4m6!3m5!1s0x40b1ffde1eaac83d:0xbfa41f87ca7e7d21!8m2!3d44.4510929!4d26.0720396!16s%2Fg%2F11j7c1tdzg?entry=ttu&g_ep=EgoyMDI1MTAyOC4wIKXMDSoASAFQAw%3D%3D",open,miercuri: 09–21; joi: 09–21; vineri: 09–21; sâmbătă: 09–15; duminică: Închis; luni: 09–21; marți: 09–21
g/11clybhv1j,DentoCare,Ortodontist,"Strada Ion Minulescu 45, București",031215,București,44.4173438,26.1183955,https://dentocare.ro/,+40720134665,,https://www.facebook.com/dentocare.ro,,,,,,,,,"https://www.google.com/maps/place/DentoCare/@44.4173438,26.1183955,17z/data=!3m1!4b1!4m6!3m5!1s0x40b1fee2edafedf3:0xb38e67f30efcffc3!8m2!3d44.4173438!4d26.1183955!16s%2Fg%2F11clybhv1j?entry=ttu&g_ep=EgoyMDI1MTAyOC4wIKXMDSoASAFQAw%3D%3D",open,miercuri: 08–21; joi: 08–21; vineri: 08–21; sâmbătă: Închis; duminică: Închis; luni: 08–21; marți: 08–21
g/1hhw9cld7,Nicolescu-Agatstein Dental Clinique,Clinică de stomatologie,"Bulevardul Primăverii 24, București",014192,București,44.4677625,26.0898706,https://www.nicolescu-agatstein.ro/,+40731400851,clinique@nicolescu-agatstein.ro,,,,,,,,,,"https://www.google.com/maps/place/Nicolescu-Agatstein+Dental+Clinique/@44.4677625,26.0898706,17z/data=!3m1!4b1!4m6!3m5!1s0x40b2020dc2f1885b:0x7d04269a9f67ce2!8m2!3d44.4677625!4d26.0898706!16s%2Fg%2F1hhw9cld7?entry=ttu&g_ep=EgoyMDI1MTAyOC4wIKXMDSoASAFQAw%3D%3D",open,miercuri: 09–21; joi: 09–21; vineri: 09–21; sâmbătă: Închis; duminică: Închis; luni: 09–21; marți: 09–21
ChIJCfyEt4D_sUARdkyxYZrIF3E,DENT ESTET Unirii,Clinică de stomatologie,"Bulevardul Dimitrie Cantemir 1, București",040231,București,44.425501,26.104953,https://www.dentestet.ro/,+40735300906,smile@dentestet.ro,https://www.facebook.com/DENTESTET4TEENS,https://www.instagram.com/dent.estet.4.teens,,https://www.youtube.com/user/ClinicaDentEstet,,https://www.linkedin.com/company/dent-estet,,,,https://www.google.com/maps/place/DENT+ESTET+Unirii/data=!4m7!3m6!1s0x40b1ff80b784fc09:0x7117c89a61b14c76!8m2!3d44.425501!4d26.104953!16s%2Fg%2F11ydtkzmmh!19sChIJCfyEt4D_sUARdkyxYZrIF3E?authuser=0&hl=ru&rclk=1,open,miercuri: 08–21; joi: 08–21; vineri: 08–21; sâmbătă: 08–14; duminică: Închis; luni: 08–21; marți: 08–21
ChIJSUgYv3r_sUARt8wg7L7EOlU,DentalMed,Stomatolog,"Calea 13 Septembrie 102, București",050727,București,44.425066,26.0754297,https://www.dental-med.ro/,+40372330300,contact@dental-med.ro,https://www.facebook.com/Dentalmed-Luxury-Dental-Clinic-206776372796108,https://www.instagram.com/dentalmedluxury,,https://www.youtube.com/user/DentalMedClinic,https://www.tiktok.com/@dentalmedluxury,,,,,https://www.google.com/maps/place/DentalMed/data=!4m7!3m6!1s0x40b1ff7abf184849:0x553ac4beec20ccb7!8m2!3d44.425066!4d26.0754297!16s%2Fg%2F1tjt0fct!19sChIJSUgYv3r_sUARt8wg7L7EOlU?authuser=0&hl=ru&rclk=1,open,miercuri: 09–20:30; joi: 09–20:30; vineri: 09–20:30; sâmbătă: 09–14; duminică: Închis; luni: 09–20:30; marți: 09–20:30
g/11xf9zcfs,Clinica Trident Cotroceni,Clinică de stomatologie,"Strada Doctor Louis Pasteur 1A, București",050533,București,44.4310984,26.0788255,https://clinicatrident.ro/contact/,+40310050920,office@clinicatrident.ro,https://www.facebook.com/clinicile.trident,https://www.instagram.com/clinicile_trident,,https://www.youtube.com/@ClinicaTrident,,,,,,"https://www.google.com/maps/place/Clinica+Trident+Cotroceni/@44.4310984,26.0788255,17z/data=!3m1!4b1!4m6!3m5!1s0x40b201dfd9634889:0x6b9122dc15d35c44!8m2!3d44.4310984!4d26.0788255!16s%2Fg%2F11xf9zcfs?entry=ttu&g_ep=EgoyMDI1MTAyOC4wIKXMDSoASAFQAw%3D%3D",open,miercuri: 09–21; joi: 09–21; vineri: 09–21; sâmbătă: 09–15; duminică: Închis; luni: 09–21; marți: 09–21
ChIJ8bKbgQX_sUARJkv97jfi7Vw,Clinic Dr. Melnic,Clinică de stomatologie,"Strada Biserica Alexe 2, București",040269,București,44.4170338,26.1015486,https://clinicadrmelnic.ro/contact/,+40374491740,receptie@clinicadrmelnic.ro,https://www.facebook.com/ClinicaDrMelnic,https://www.instagram.com/clinicadrmelnic,,,,,,,,https://www.google.com/maps/place/Clinic+Dr.+Melnic/data=!4m7!3m6!1s0x40b1ff05819bb2f1:0x5cede237eefd4b26!8m2!3d44.4170338!4d26.1015486!16s%2Fg%2F11c2kjsczp!19sChIJ8bKbgQX_sUARJkv97jfi7Vw?authuser=0&hl=ru&rclk=1,open,miercuri: 09–20; joi: 09–20; vineri: 09–20; sâmbătă: 10–16; duminică: Închis; luni: 09–20; marți: 09–20
ChIJNcnAXFP_sUARdnt147qOy0I,Centrul de protetică dentară și implantologie Dr. Melnic,Clinică de stomatologie,"Strada Biserica Alexe 19, București",041904,București,44.4173549,26.1021621,https://clinicadrmelnic.ro/,+40742213664,,https://www.facebook.com/ClinicaDrMelnic,https://www.instagram.com/clinicadrmelnic,,,,,,,,https://www.google.com/maps/place/Centrul+de+protetic%C4%83+dentar%C4%83+%C8%99i+implantologie+Dr.+Melnic/data=!4m7!3m6!1s0x40b1ff535cc0c935:0x42cb8ebae3757b76!8m2!3d44.4173549!4d26.1021621!16s%2Fg%2F11lgdm5qs1!19sChIJNcnAXFP_sUARdnt147qOy0I?authuser=0&hl=ru&rclk=1,open,miercuri: 08:30–20:30; joi: 09–17; vineri: 09–17; sâmbătă: 09–17; duminică: Închis; luni: 08:30–20:30; marți: 08:30–20:30
ChIJN1fThA0CskARDG7Hp4KOy0M,MG Dental / MG Ortho,Clinică de stomatologie,"Strada Heleșteului 14, București",011988,București,44.4689129,26.0891982,https://www.mgmedical.ro/,+40219369,programaril@mgmedical.ro,https://www.facebook.com/mgdental.ro,,,,,,,,,https://www.google.com/maps/place/MG+Dental+%2F+MG+Ortho/data=!4m7!3m6!1s0x40b2020d84d35737:0x43cb8e82a7c76e0c!8m2!3d44.4689129!4d26.0891982!16s%2Fg%2F1tcx00jx!19sChIJN1fThA0CskARDG7Hp4KOy0M?authuser=0&hl=ru&rclk=1,open,miercuri: 09–21; joi: 09–21; vineri: 09–21; sâmbătă: Închis; duminică: Închis; luni: 09–21; marți: 09–21
g/11cn6px4dn,Qmed Reșița | Cabinet Stomatologie,Clinică de stomatologie,"Bl A5, Strada Reșița 37, București",040924,București,44.3875999,26.1037316,,+40219622,,,,,,,,,,,"https://www.google.com/maps/place/Qmed+Re%C8%99i%C8%9Ba+%7C+Cabinet+Stomatologie/@44.3875999,26.1037316,17z/data=!3m1!4b1!4m6!3m5!1s0x40b1fe38301b3503:0x3e5b720143d0e8a4!8m2!3d44.3875999!4d26.1037316!16s%2Fg%2F11cn6px4dn?entry=ttu&g_ep=EgoyMDI1MTAyOC4wIKXMDSoASAFQAw%3D%3D",open,miercuri: 09–21; joi: 09–21; vineri: 09–21; sâmbătă: Închis; duminică: Închis; luni: 09–21; marți: 09–21
ChIJmzISv-L_sUAR3Y5lPC_edik,Vitaldent Implant,Medic parodontolog implantolog,"Strada Mărgeanului 28 Bloc M28, Scara 1, București",052034,București,44.409718,26.059953,,+40771025966,,,,,,,,,,,https://www.google.com/maps/place/Vitaldent+Implant/data=!4m7!3m6!1s0x40b1ffe2bf12329b:0x2976de2f3c658edd!8m2!3d44.409718!4d26.059953!16s%2Fg%2F11v5f0x563!19sChIJmzISv-L_sUAR3Y5lPC_edik?authuser=0&hl=ru&rclk=1,open,miercuri: 09–21; joi: 09–21; vineri: 09–21; sâmbătă: Închis; duminică: Închis; luni: 09–21; marți: 09–21
g/1hc0rjsnj,Advanced Gentle Dentist,Clinică de stomatologie,"Bloc 104, Scara 2, Apartament 47, Bulevardul Corneliu Coposu 7, București",000000,București,44.4310599,26.1085762,https://www.gentledentist.ro/,+40723726125,contact@gentledentist.ro,,https://www.instagram.com/gentledentist.ro,,https://www.youtube.com/channel/UCBcghE7N33ShAA_wZuISqyQ,,https://www.linkedin.com/company/advanced-gentle-dentist,,,,"https://www.google.com/maps/place/Advanced+Gentle+Dentist/@44.4310599,26.1085762,17z/data=!3m1!4b1!4m6!3m5!1s0x40b1ff3c46f0ed11:0x286992eecd540ebd!8m2!3d44.4310599!4d26.1085762!16s%2Fg%2F1hc0rjsnj?entry=ttu&g_ep=EgoyMDI1MTAyOC4wIKXMDSoASAFQAw%3D%3D",open,miercuri: 08–20; joi: 08–20; vineri: 08–20; sâmbătă: 08–14; duminică: Închis; luni: 08–20; marți: 08–20
ChIJYz8v2xsCskAR6BQMElfGu-A,Premium Dent,Clinică de stomatologie,"Strada Boiangiu Radu 22, București",011389,București,44.4620963,26.0754607,https://premiumdent.ro/contact/,+40721881299,office@premiumdent.ro,https://www.facebook.com/PremiumDentCabinetStomatologic,https://instagram.com/premiumdentclinic,,,,https://www.linkedin.com/company/premium-dent-cabinet-stomatologic,,,,https://www.google.com/maps/place/Premium+Dent/data=!4m7!3m6!1s0x40b2021bdb2f3f63:0xe0bbc657120c14e8!8m2!3d44.4620963!4d26.0754607!16s%2Fg%2F11hyt1c_6k!19sChIJYz8v2xsCskAR6BQMElfGu-A?authuser=0&hl=ru&rclk=1,open,miercuri: 08–20; joi: 08–20; vineri: 08–20; sâmbătă: Închis; duminică: Închis; luni: 08–20; marți: 08–20
ChIJX47089j5sUARVjgqeZJMbTY,Stomatologie Premium,Clinică de stomatologie,"Strada Mihai Eminescu 81, București",030167,București,44.4480708,26.1068232,https://stomatologie-premium.ro/,+40732161161,stomatologiepremium@gmail.com,,,,,,,,,,https://www.google.com/maps/place/Stomatologie+Premium/data=!4m7!3m6!1s0x40b1f9d8f3f48e5f:0x366d4c92792a3856!8m2!3d44.4480708!4d26.1068232!16s%2Fg%2F11khf5rb9c!19sChIJX47089j5sUARVjgqeZJMbTY?authuser=0&hl=ru&rclk=1,open,miercuri: 11–20; joi: 11–20; vineri: 11–20; sâmbătă: Închis; duminică: Închis; luni: 11–20; marți: 11–20
ChIJA__zTRn_sUARR_rA1PnaCNU,Implant Studio Clinică Stomatologică Bucuresti,Clinică de stomatologie,"Strada Ciprian Porumbescu 7, București",010651,București,44.452113,26.094274,https://implantstudio.ro/consultatie-stomatologica/,+40755900009,contact@implantstudio.ro,https://www.facebook.com/implantstudiobucuresti,https://www.instagram.com/implantstudio.ro,https://api.whatsapp.com/send?phone=0755900009,https://www.youtube.com/channel/UCtCqoFbwSVkxL9JAX2K0BvQ,https://www.tiktok.com/@implantstudio.ro,,,,,https://www.google.com/maps/place/Implant+Studio+Clinic%C4%83+Stomatologic%C4%83+Bucuresti/data=!4m7!3m6!1s0x40b1ff194df3ff03:0xd508daf9d4c0fa47!8m2!3d44.452113!4d26.094274!16s%2Fg%2F11g8whrnd7!19sChIJA__zTRn_sUARR_rA1PnaCNU?authuser=0&hl=ru&rclk=1,open,miercuri: 10–20; joi: 10–20; vineri: 10–20; sâmbătă: Închis; duminică: Închis; luni: 10–20; marți: 10–20
ChIJWz-AC6__sUARgzbLcE9rk_U,Deos Dental,Clinică de stomatologie,"Strada Speranței 20, București",030167,București,44.4378096,26.1083469,https://deosdental.ro/,+40784011430,programari@deosdental.ro,https://facebook.com/Deos-Dental-101183506231068,https://www.instagram.com/deos.dental,https://wa.me/40784011430,https://www.youtube.com/channel/UCk-Vs6-NsneDCJBRglTGSWA,https://www.tiktok.com/@deosdental,https://www.linkedin.com/company/deos-dental,,,,https://www.google.com/maps/place/Deos+Dental/data=!4m7!3m6!1s0x40b1ffaf0b803f5b:0xf5936b4f70cb3683!8m2!3d44.4378096!4d26.1083469!16s%2Fg%2F11sj52hg30!19sChIJWz-AC6__sUARgzbLcE9rk_U?authuser=0&hl=ru&rclk=1,open,miercuri: 08–21; joi: 08–21; vineri: 08–21; sâmbătă: Închis; duminică: Închis; luni: 08–21; marți: 08–21
ChIJ6ULkvnr_sUARKK7U9O4w0RM,DentalMed Kids,Clinică de stomatologie,"Calea 13 Septembrie 102, București",050727,București,44.4250374,26.0754127,https://www.dentalmedkids.ro/,+40726770357,contact@dental-med.ro,https://www.facebook.com/Dentalmed-Luxury-Dental-Clinic-206776372796108,https://www.instagram.com/dentalmedluxury,,https://www.youtube.com/user/DentalMedClinic,https://www.tiktok.com/@dentalmedluxury,,,,,https://www.google.com/maps/place/DentalMed+Kids/data=!4m7!3m6!1s0x40b1ff7abee442e9:0x13d130eef4d4ae28!8m2!3d44.4250374!4d26.0754127!16s%2Fg%2F11b620_w8m!19sChIJ6ULkvnr_sUARKK7U9O4w0RM?authuser=0&hl=ru&rclk=1,open,miercuri: 09–21; joi: 09–21; vineri: 09–21; sâmbătă: Închis; duminică: Închis; luni: 09–21; marți: 09–21
g/11hyt11f82,Dental Crown Health,Clinică de stomatologie,"Bulevardul Camil Ressu 27B, București",031736,București,44.4178821,26.1477426,https://dentalcrownhealth.ro/contact/,+40764800048,office@dentalcrownhealth.ro,https://www.facebook.com/dentalcrownhealth,,,,,,,,,"https://www.google.com/maps/place/Dental+Crown+Health/@44.4178821,26.1477426,17z/data=!3m1!4b1!4m6!3m5!1s0x40b1fc1ff90589c9:0xb81d2ec5e4cb184f!8m2!3d44.4178821!4d26.1477426!16s%2Fg%2F11hyt11f82?entry=ttu&g_ep=EgoyMDI1MTAyOC4wIKXMDSoASAFQAw%3D%3D",open,miercuri: 09–20; joi: 09–20; vineri: 09–17; sâmbătă: Închis; duminică: Închis; luni: 09–20; marți: 09–17
g/11rwqtphfg,Dr. Kurbe Center,Clinică de stomatologie,"Corp C1, Strada Delea Nouă 23, București",030925,București,44.4292284,26.1312399,https://drkurbe.com/servicii-dentare/,+40774410373,,https://www.facebook.com/drkurbe,https://www.instagram.com/drkurbe,,,https://www.tiktok.com/@drkurbe,,,,,"https://www.google.com/maps/place/Dr.+Kurbe+Center/@44.4292284,26.1312399,17z/data=!3m1!4b1!4m6!3m5!1s0x40b1ff6d4d758ed5:0xa6ac7d1210cd3b55!8m2!3d44.4292284!4d26.1312399!16s%2Fg%2F11rwqtphfg?entry=ttu&g_ep=EgoyMDI1MTAyOC4wIKXMDSoASAFQAw%3D%3D",unspecified,
ChIJD69ym9H4sUARjxY5MI26srU,INO Dental - Pantelimon,Clinică de stomatologie,"Șos. Pantelimon 10, București",021591,București,44.4471196,26.133149,https://www.inodental.ro/,+40721584935,office@inodental.ro,https://www.facebook.com/inodentalclinic,https://www.instagram.com/inodental,,https://www.youtube.com/@INODental,https://www.tiktok.com/@inodental,,,,,https://www.google.com/maps/place/INO+Dental+-+Pantelimon/data=!4m7!3m6!1s0x40b1f8d19b72af0f:0xb5b2ba8d3039168f!8m2!3d44.4471196!4d26.133149!16s%2Fg%2F11f53nbw6s!19sChIJD69ym9H4sUARjxY5MI26srU?authuser=0&hl=ru&rclk=1,open,miercuri: 09–21; joi: 09–21; vineri: 09–21; sâmbătă: Închis; duminică: Închis; luni: 09–21; marți: 09–21
ChIJXT3RjQ4CskARjJ52eY5pFKY,Smile Experts Dental Clinic,Clinică de stomatologie,"Strada Pictor Ion Negulici 13C, București",011941,București,44.465735,26.0905952,https://smile-experts.ro/,+40723651002,,https://www.facebook.com/SmileExperts,,,,,,,,,https://www.google.com/maps/place/Smile+Experts+Dental+Clinic/data=!4m7!3m6!1s0x40b2020e8dd13d5d:0xa614698e79769e8c!8m2!3d44.465735!4d26.0905952!16s%2Fg%2F11h0qb7kk!19sChIJXT3RjQ4CskARjJ52eY5pFKY?authuser=0&hl=ru&rclk=1,open,miercuri: 09:30–20; joi: 09:30–20; vineri: 09:30–20; sâmbătă: 09:30–14:30; duminică: Închis; luni: 09:30–20; marți: 09:30–20
g/11sr9jm2fr,NORTHO,Ortodontist,"Strada Herăstrău 16, București",014192,București,44.4683468,26.0883838,https://www.northo.ro/,+40758886886,contact@northo.ro,https://www.facebook.com/northoortodontie,https://www.instagram.com/northo.ortodontie,https://wa.me/+40758886886,https://www.youtube.com/channel/UCvqZUgeGtw3LpAq4poX5bmw,,,,,,"https://www.google.com/maps/place/NORTHO/@44.4683468,26.0883838,17z/data=!3m1!4b1!4m6!3m5!1s0x40b203e7e1b2282b:0xafd8672ee75dbb81!8m2!3d44.4683468!4d26.0883838!16s%2Fg%2F11sr9jm2fr?entry=ttu&g_ep=EgoyMDI1MTAyOC4wIKXMDSoASAFQAw%3D%3D",open,miercuri: 09–21; joi: 09–21; vineri: 09–21; sâmbătă: Închis; duminică: Închis; luni: 09–21; marți: 09–21
ChIJF7zA9N_-sUARVFiavw6n0vE,Neoclinique Bucuresti,Clinică de stomatologie,"Strada Theodor D. Speranția 14, București",030935,București,44.424753,26.1247668,https://www.neoclinique.ro/contact/,+40310050884,office@neoclinique.ro,https://www.facebook.com/Neoclinique.ro,https://www.instagram.com/neoclinique_nord,,https://www.youtube.com/channel/UCWJI_SrggQ4f9jO2QIrebOg,,https://www.linkedin.com/company/neoclinique,,https://twitter.com/Neoclinique,,https://www.google.com/maps/place/Neoclinique+Bucuresti/data=!4m7!3m6!1s0x40b1fedff4c0bc17:0xf1d2a70ebf9a5854!8m2!3d44.424753!4d26.1247668!16s%2Fg%2F1hm35sxfj!19sChIJF7zA9N_-sUARVFiavw6n0vE?authuser=0&hl=ru&rclk=1,open,miercuri: 09–21; joi: 08–21; vineri: Închis; sâmbătă: Închis; duminică: Închis; luni: 09–21; marți: Închis
g/1hc21hw7y,Clinica dentara EXCEDENT CITY (Cotroceni),Clinică de stomatologie,"Strada Locotenent Gheorghe Negel 24, București",061344,București,44.4253513,26.0592286,https://excedent.ro/contact/,+40745585877,,https://www.facebook.com/Excedent.ro,,,https://www.youtube.com/@ClinicaEXCEDENT,,,,,,"https://www.google.com/maps/place/Clinica+dentara+EXCEDENT+CITY+(Cotroceni)/@44.4253513,26.0592286,17z/data=!3m1!4b1!4m6!3m5!1s0x40b1ffa149eb2753:0x47e617668d554f1d!8m2!3d44.4253513!4d26.0592286!16s%2Fg%2F1hc21hw7y?entry=ttu&g_ep=EgoyMDI1MTAyOC4wIKXMDSoASAFQAw%3D%3D",open,miercuri: 09–21; joi: 09–21; vineri: 09–21; sâmbătă: Închis; duminică: Închis; luni: 09–21; marți: 09–21
ChIJm6WLLr0DskARBoBrOM1TG0g,Clinica Edent București,Clinică de stomatologie,"Strada Louis Blanc 28, București",011751,București,44.4541062,26.0889565,https://edentclinic.ro/,+40741821821,office@edentclinic.ro,https://www.facebook.com/edentclinic.ro,https://www.instagram.com/edentclinic,,https://www.youtube.com/channel/UCrEZVoVMj5QDGi_gOMXSl5g,,,,,,https://www.google.com/maps/place/Clinica+Edent+Bucure%C8%99ti/data=!4m7!3m6!1s0x40b203bd2e8ba59b:0x481b53cd386b8006!8m2!3d44.4541062!4d26.0889565!16s%2Fg%2F11q3qp8c65!19sChIJm6WLLr0DskARBoBrOM1TG0g?authuser=0&hl=ru&rclk=1,open,miercuri: 08:30–20:30; joi: 08:30–20:30; vineri: 08:30–20:30; sâmbătă: 10–14; duminică: Închis; luni: 08:30–20:30; marți: 08:30–20:30
ChIJvbTRLbP4sUARtFBVVpiZcDo,Dental Expert's Group,Stomatolog,"Strada Aurel Vlaicu 79, București",020093,București,44.4487461,26.1049729,,+40212103966,,,,,,,,,,,https://www.google.com/maps/place/Dental+Expert%27s+Group/data=!4m7!3m6!1s0x40b1f8b32dd1b4bd:0x3a709998565550b4!8m2!3d44.4487461!4d26.1049729!16s%2Fg%2F1w3w1kgb!19sChIJvbTRLbP4sUARtFBVVpiZcDo?authuser=0&hl=ru&rclk=1,open,miercuri: 09–21; joi: 09–21; vineri: 09–21; sâmbătă: 10–14; duminică: Închis; luni: 09–21; marți: 09–21
g/11g9qfl55p,DP Dental,Clinică de stomatologie,"Strada Alexandru Constantinescu 48, București",011474,București,44.4675551,26.0732519,https://dpdental.ro/programare/,+40726769991,contact@dpdental.ro,https://www.facebook.com/doctordanpatroi,https://www.instagram.com/dpdentalromania,,,,,,,,"https://www.google.com/maps/place/DP+Dental/@44.4675551,26.0732519,17z/data=!3m1!4b1!4m6!3m5!1s0x40b20217c3be01df:0xa0a42f4a8ec025db!8m2!3d44.4675551!4d26.0732519!16s%2Fg%2F11g9qfl55p?entry=ttu&g_ep=EgoyMDI1MTAyOC4wIKXMDSoASAFQAw%3D%3D",open,miercuri: 08–20; joi: 08–20; vineri: 08–20; sâmbătă: Închis; duminică: Închis; luni: 08–20; marți: 08–20
g/11dxdgsyg0,Eurodent BP,Clinică de stomatologie,"Calea Văcărești 252-254, București",040062,București,44.4110974,26.1143406,https://www.eurodentbp.ro/,+40723817632,eurodent_bp@yahoo.com,https://www.facebook.com/EurodentBP,,,,,,,,,"https://www.google.com/maps/place/Eurodent+BP/@44.4110974,26.1143406,17z/data=!3m1!4b1!4m6!3m5!1s0x40b1fefe88d81fe5:0xf4582efb9a8baec!8m2!3d44.4110974!4d26.1143406!16s%2Fg%2F11dxdgsyg0?entry=ttu&g_ep=EgoyMDI1MTAyOC4wIKXMDSoASAFQAw%3D%3D",open,miercuri: 08–20; joi: 08–20; vineri: 08–20; sâmbătă: 08–14; duminică: Închis; luni: 08–20; marți: 08–20
g/1tf85lb8,Dentexpert Magic București,Clinică de stomatologie,"Bloc C2, Bulevardul Eroilor 30, București",050514,București,44.4317565,26.0680459,https://dentexpert-magic.ro/,+40219052,office-brasov@dentexpert-magic.ro,https://www.facebook.com/DentexpertBoutique,https://www.instagram.com/dentexpertboutiquecotroceni,https://wa.me/40726996611,,,,,,,"https://www.google.com/maps/place/Dentexpert+Magic+Bucure%C8%99ti/@44.4317565,26.0680459,17z/data=!3m1!4b1!4m6!3m5!1s0x40b1ff620abdbbe7:0x79e3097e3ae6b864!8m2!3d44.4317565!4d26.0680459!16s%2Fg%2F1tf85lb8?entry=ttu&g_ep=EgoyMDI1MTAyOC4wIKXMDSoASAFQAw%3D%3D",open,miercuri: 09–21; joi: 09–21; vineri: 09–21; sâmbătă: Închis; duminică: Închis; luni: 09–21; marți: 09–21
g/12602th3p,LLLDental,Clinică de stomatologie,"Calea Moșilor 296, București",020898,București,44.4457688,26.122117,https://llldental.ro/contact/,+40728320700,clinic@llldental.ro,https://www.facebook.com/LLLDental,https://instagram.com/lll.dental,https://wa.me/40728320700?text=Buna+ziua%21+Vreau+ajutorul+LLL+Dental+pentru%3A,https://www.youtube.com/channel/UC0XhoDcQA61Fh5Ua-wj4YHw,,,,,,"https://www.google.com/maps/place/LLLDental/@44.4457688,26.122117,17z/data=!3m1!4b1!4m6!3m5!1s0x40b1f8cc90fa6351:0x990360b39762a089!8m2!3d44.4457688!4d26.122117!16s%2Fg%2F12602th3p?entry=ttu&g_ep=EgoyMDI1MTAyOC4wIKXMDSoASAFQAw%3D%3D",open,miercuri: 08–21:30; joi: 08–21:30; vineri: 08–21:30; sâmbătă: Închis; duminică: Închis; luni: 08–21:30; marți: 08–21:30
g/1tmpcfmk,Green Dental,Clinică de stomatologie,"Strada Grigore Alexandrescu 7, București",010621,București,44.4511277,26.0891608,https://greendental.ro/contact/,+40723602020,smile@greendental.ro,https://www.facebook.com/greendental.ro,https://www.instagram.com/green_dental,,https://www.youtube.com/user/GreenDentalClinic,,,,,,"https://www.google.com/maps/place/Green+Dental/@44.4511277,26.0891608,17z/data=!3m1!4b1!4m6!3m5!1s0x40b1ff553ee55555:0x30857d4d03a727a8!8m2!3d44.4511277!4d26.0891608!16s%2Fg%2F1tmpcfmk?entry=ttu&g_ep=EgoyMDI1MTAyOC4wIKXMDSoASAFQAw%3D%3D",open,miercuri: 08–21; joi: 08–21; vineri: 08–21; sâmbătă: 08–14; duminică: Închis; luni: 08–21; marți: 08–21
g/11gk471wnb,Clinica Dentaline Văcărești,Clinică de stomatologie,"Calea Văcărești 356-358, București",040069,București,44.39867,26.1206727,https://dentaline-clinic.ro/contact,+40736333666,contact@dentaline-clinic.ro,https://www.facebook.com/dentalineluxuryclinic,,,https://www.youtube.com/channel/UCBfUiCPmQ_8-9Tzm9EYaEcg,,https://www.linkedin.com/company/dentaline-clinica-stomatologica,,,,"https://www.google.com/maps/place/Clinica+Dentaline+V%C4%83c%C4%83re%C8%99ti/@44.39867,26.1206727,17z/data=!3m1!4b1!4m6!3m5!1s0x40b1ffa2bfa11b95:0x1569115affb61805!8m2!3d44.39867!4d26.1206727!16s%2Fg%2F11gk471wnb?entry=ttu&g_ep=EgoyMDI1MTAyOC4wIKXMDSoASAFQAw%3D%3D",open,miercuri: 09–21; joi: 09–21; vineri: 09–21; sâmbătă: 09–14; duminică: Închis; luni: 09–21; marți: 09–21
ChIJMRalj435sUARzZgLIs4PqhY,Allonx - JDentalCare în România / Soluții pentru FullArch,Furnizor de implanturi dentare,"Str. Barbu Văcărescu 162, București",020284,București,44.4649112,26.1086258,https://www.allonx.ro/,+40744492166,contact@allonx.ro,https://www.facebook.com/allonx.ro,,https://api.whatsapp.com/send?phone=40744492166,,,,,,,https://www.google.com/maps/place/Allonx+-+JDentalCare+%C3%AEn+Rom%C3%A2nia+%2F+Solu%C8%9Bii+pentru+FullArch/data=!4m7!3m6!1s0x40b1f98d8fa51631:0x16aa0fce220b98cd!8m2!3d44.4649112!4d26.1086258!16s%2Fg%2F11s37fddgt!19sChIJMRalj435sUARzZgLIs4PqhY?authuser=0&hl=ru&rclk=1,open,miercuri: 08–18; joi: 08–18; vineri: 08–18; sâmbătă: 08–13; duminică: Închis; luni: 08–18; marți: 08–18
g/1tdp83kf,CityDent,Clinică de stomatologie,"Strada Teheran 2, București",000000,București,44.4640306,26.0908952,https://citydent.ro/,+40740621090,office@citydent.ro,https://www.facebook.com/citydentmydentist,https://www.instagram.com/clinicacitydent,,https://www.youtube.com/user/ClinicaCITYDENT,,https://www.linkedin.com/company/citydent-clinic,,,,"https://www.google.com/maps/place/CityDent/@44.4640306,26.0908952,17z/data=!3m1!4b1!4m6!3m5!1s0x40b2020f261e7b51:0xbd1d8ac3fc223aba!8m2!3d44.4640306!4d26.0908952!16s%2Fg%2F1tdp83kf?entry=ttu&g_ep=EgoyMDI1MTAyOC4wIKXMDSoASAFQAw%3D%3D",open,miercuri: 09–21; joi: 09–21; vineri: 09–21; sâmbătă: Închis; duminică: Închis; luni: 09–21; marți: 09–21
g/11fst11sq2,ZEEDDENT CLINIC,Clinică de stomatologie,"Strada Țepeș Vodă 55, București",030167,București,44.4355331,26.1269859,https://www.zeeddent.ro/contact,+40727388894,zeeddentclinic@yahoo.com,https://www.facebook.com/zeeddentclinic,https://instagram.com/zeeddent,,,,,,,,"https://www.google.com/maps/place/ZEEDDENT+CLINIC/@44.4355331,26.1269859,17z/data=!3m1!4b1!4m6!3m5!1s0x40b1ff8904a796a9:0x330034c2b9100926!8m2!3d44.4355331!4d26.1269859!16s%2Fg%2F11fst11sq2?entry=ttu&g_ep=EgoyMDI1MTAyOC4wIKXMDSoASAFQAw%3D%3D",unspecified,
g/11svm9bfyr,DentalQ,Clinică de stomatologie,"Strada Cornescu 71, București",011661,București,44.4617316,26.1005881,https://dentalq.ro/,+40775505506,,https://www.facebook.com/DentalQ.clinic,https://www.instagram.com/dentalq.ro,,,,,,,,"https://www.google.com/maps/place/DentalQ/@44.4617316,26.1005881,17z/data=!3m1!4b1!4m6!3m5!1s0x40b1f9f46079d2f3:0x3f9e11a3ca0fb590!8m2!3d44.4617316!4d26.1005881!16s%2Fg%2F11svm9bfyr?entry=ttu&g_ep=EgoyMDI1MTAyOC4wIKXMDSoASAFQAw%3D%3D",open,miercuri: 08–20; joi: 08–20; vineri: 08–20; sâmbătă: Închis; duminică: Închis; luni: 08–20; marți: 08–20
g/1hc1_jprp,Clinica Dr Vereanu,Clinică de stomatologie,"Strada Argentina 45, București",011816,București,44.4550831,26.0892014,https://clinicavereanu.ro/programare-online/,+40740606606,contact@clinicavereanu.ro,https://www.facebook.com/Clinica.Vereanu,,,https://www.youtube.com/@clinicadrvereanu9916,,,,,,"https://www.google.com/maps/place/Clinica+Dr+Vereanu/@44.4550831,26.0892014,17z/data=!3m1!4b1!4m6!3m5!1s0x40b20268ba0c77c5:0x78f4d09fba86a1ea!8m2!3d44.4550831!4d26.0892014!16s%2Fg%2F1hc1_jprp?entry=ttu&g_ep=EgoyMDI1MTAyOC4wIKXMDSoASAFQAw%3D%3D",open,miercuri: 08:30–20:30; joi: 08:30–20:30; vineri: 08:30–20:30; sâmbătă: Închis; duminică: Închis; luni: 08:30–20:30; marți: 08:30–20:30
g/11l85rfdk6,Dr. Ardeleanu Dorobanți,Clinică de stomatologie,"Strada Locotenent Aviator Iuliu Tetrat 23, București",011912,București,44.4630369,26.0930531,https://stage.clinicileardeleanu.ro/clinici/clinica-dorobanti/,+40319963,,https://www.facebook.com/Dr.Ardeleanu,,,https://www.youtube.com/@cliniciledrardeleanu1621,,,,,,"https://www.google.com/maps/place/Dr.+Ardeleanu+Doroban%C8%9Bi/@44.4630369,26.0930531,17z/data=!3m1!4b1!4m6!3m5!1s0x40b203281642cdd3:0x7c8bb746a2ba2048!8m2!3d44.4630369!4d26.0930531!16s%2Fg%2F11l85rfdk6?entry=ttu&g_ep=EgoyMDI1MTAyOC4wIKXMDSoASAFQAw%3D%3D",unspecified,
g/12q4t9wq4,Stomatologia Digitală Dr. Smile,Clinică de stomatologie,"Calea Dudești 202, București",031084,București,44.4202071,26.135,https://drsmile.ro/ro/contact/,+40722770753,,,,,,,,,,,"https://www.google.com/maps/place/Stomatologia+Digital%C4%83+Dr.+Smile/@44.4202071,26.135,17z/data=!3m1!4b1!4m6!3m5!1s0x40b1fee80a229af5:0x9554a992b135e380!8m2!3d44.4202071!4d26.135!16s%2Fg%2F12q4t9wq4?entry=ttu&g_ep=EgoyMDI1MTAyOC4wIKXMDSoASAFQAw%3D%3D",open,miercuri: 08–20; joi: 08–20; vineri: 08–20; sâmbătă: Închis; duminică: Închis; luni: 08–20; marți: 08–20
g/1thhh_vw,Clinica stomatologica Bucuresti sector 1 - Velvet Dental,Stomatolog,"Strada Herăstrău 1, București",014192,București,44.4672489,26.0877389,https://velvetdental.ro/ro/contact/,+40319196,office@velvetdental.ro,https://www.facebook.com/velvetdentalclinics,https://www.instagram.com/velvet.dental,,,,https://www.linkedin.com/company/velvet-dental-clinics,,https://x.com/velvetdental,,"https://www.google.com/maps/place/Clinica+stomatologica+Bucuresti+sector+1+-+Velvet+Dental/@44.4672489,26.0877389,17z/data=!3m1!4b1!4m6!3m5!1s0x40b1ff3d427161c1:0x3448745f217a07b8!8m2!3d44.4672489!4d26.0877389!16s%2Fg%2F1thhh_vw?entry=ttu&g_ep=EgoyMDI1MTAyOC4wIKXMDSoASAFQAw%3D%3D",open,miercuri: 09–21; joi: 09–21; vineri: 09–21; sâmbătă: 09–15; duminică: Închis; luni: 09–21; marți: 09–21
ChIJgyk_KkQDskARP0DUQhcIoL0,Smile 4 Kids,Dentist pediatru,"Strada Crângului 4, București",011993,București,44.4690539,26.0898552,https://smile4kids.ro/programare/,+40761888776,info@smile4kids.ro,https://www.facebook.com/Smile4Kids.ro,,,https://www.youtube.com/@smile4kids698,,,,,,https://www.google.com/maps/place/Smile+4+Kids/data=!4m7!3m6!1s0x40b203442a3f2983:0xbda0081742d4403f!8m2!3d44.4690539!4d26.0898552!16s%2Fg%2F11h07vf490!19sChIJgyk_KkQDskARP0DUQhcIoL0?authuser=0&hl=ru&rclk=1,open,miercuri: 08:30–21; joi: 08:30–21; vineri: 08:30–21; sâmbătă: 09–15; duminică: Închis; luni: 08:30–21; marți: 08:30–21
ChIJyxyTAND_sUARrMFoSHSel2c,Cris Smile Studio Nasaud - Cabinet Stomatologic Sector 4 / Sector 5 - Urgente Stomatologice - Implant Dentar Bucuresti,Clinică de stomatologie,"Strada Năsăud 68A, București",052064,București,44.412257,26.0793041,,+40765449033,,,,,,,,,,,https://www.google.com/maps/place/Cris+Smile+Studio+Nasaud+-+Cabinet+Stomatologic+Sector+4+%2F+Sector+5+-+Urgente+Stomatologice+-+Implant+Dentar+Bucuresti/data=!4m7!3m6!1s0x40b1ffd000931ccb:0x67979e744868c1ac!8m2!3d44.412257!4d26.0793041!16s%2Fg%2F11vhckvmt1!19sChIJyxyTAND_sUARrMFoSHSel2c?authuser=0&hl=ru&rclk=1,open,miercuri: 09–21; joi: 09–21; vineri: 09–21; sâmbătă: Închis; duminică: Închis; luni: 09–21; marți: 09–21
ChIJydGuqdj-sUARgq4V7NNTSi4,Crystal Dental Clinic,Clinică de stomatologie,"Strada Olteni 10, București",030786,București,44.4289144,26.1099202,https://www.crystaldentalclinic.ro/contact,+40310051794,,,,,,,,,,,https://www.google.com/maps/place/Crystal+Dental+Clinic/data=!4m7!3m6!1s0x40b1fed8a9aed1c9:0x2e4a53d3ec15ae82!8m2!3d44.4289144!4d26.1099202!16s%2Fg%2F1wz516kp!19sChIJydGuqdj-sUARgq4V7NNTSi4?authuser=0&hl=ru&rclk=1,open,miercuri: 08:30–20:30; joi: 08:30–20:30; vineri: 08:30–20:30; sâmbătă: 08:30–14:30; duminică: Închis; luni: 08:30–20:30; marți: 08:30–20:30
ChIJpVCz1Zv_sUARvmSFzuNPG50,Cris Smile Studio,Clinică de stomatologie,"Strada Malcoci 2, București",051923,București,44.4101135,26.070406,https://cris-smile.ro/onorarii/,+40723918404,rahova@cris-smile.ro,https://www.facebook.com/cris.smile.studio,https://www.instagram.com/cris.smile.studio,,https://www.youtube.com/channel/UCmio7CPIRFa-9PVzJHOeicg,,,,,,https://www.google.com/maps/place/Cris+Smile+Studio/data=!4m7!3m6!1s0x40b1ff9bd5b350a5:0x9d1b4fe3ce8564be!8m2!3d44.4101135!4d26.070406!16s%2Fg%2F1t_hxh5q!19sChIJpVCz1Zv_sUARvmSFzuNPG50?authuser=0&hl=ru&rclk=1,open,miercuri: 09–21; joi: 09–21; vineri: 09–21; sâmbătă: Închis; duminică: Închis; luni: 09–21; marți: 09–21
ChIJLeWyEOH-sUARs62t5mppvDw,Clinicile Dr Alecu - Clinica Stomatologica Sector 3,Clinică de stomatologie,"Calea Vitan 28, București",031297,București,44.4206405,26.1249285,https://cliniciledralecu.ro/programare-online/,+40729690925,contact@cliniciledralecu.ro,https://www.facebook.com/stomatologiefaradurere,https://www.instagram.com/cliniciledralecu,https://wa.me/+40729690925,,,,,,,https://www.google.com/maps/place/Clinicile+Dr+Alecu+-+Clinica+Stomatologica+Sector+3/data=!4m7!3m6!1s0x40b1fee110b2e52d:0x3cbc696ae6adadb3!8m2!3d44.4206405!4d26.1249285!16s%2Fg%2F11kb2bsf5q!19sChIJLeWyEOH-sUARs62t5mppvDw?authuser=0&hl=ru&rclk=1,open,miercuri: 10–21; joi: 10–21; vineri: 10–21; sâmbătă: Închis; duminică: Închis; luni: 10–21; marți: 10–21
ChIJ-Ua3_l0DskAR_z9rpLahc3k,PerfectdentKids,Stomatolog,"Perfectdent Kids, Maresal Averescu Nr1, București",011454,București,44.4625197,26.0726883,https://www.perfectdent.ro/,+40722337225,office@perfectdent.ro,https://www.facebook.com/perfectdent.theclinic,https://www.instagram.com/perfectdenttheclinic,,,,,,,,https://www.google.com/maps/place/PerfectdentKids/data=!4m7!3m6!1s0x40b2035dfeb746f9:0x7973a1b6a46b3fff!8m2!3d44.4625197!4d26.0726883!16s%2Fg%2F11fph84p2s!19sChIJ-Ua3_l0DskAR_z9rpLahc3k?authuser=0&hl=ru&rclk=1,open,miercuri: 09–20; joi: 09–20; vineri: 09–20; sâmbătă: Închis; duminică: Închis; luni: 09–20; marți: 09–20
ChIJVR3EPBcCskAR60f3YnOkNwY,Perfectdent,Clinică de stomatologie,"Bdul Ion Mihalache 93 bl 14 sc1 Parter, București",011176,București,44.460269,26.0746482,https://perfectdent.ro/contact/,+40757108819,office@perfectdent.ro,https://www.facebook.com/perfectdent.theclinic,https://www.instagram.com/perfectdenttheclinic,,,,,,,,https://www.google.com/maps/place/Perfectdent/data=!4m7!3m6!1s0x40b202173cc41d55:0x637a47362f747eb!8m2!3d44.460269!4d26.0746482!16s%2Fg%2F1hc6367n5!19sChIJVR3EPBcCskAR60f3YnOkNwY?authuser=0&hl=ru&rclk=1,open,miercuri: 09–20; joi: 09–20; vineri: 09–20; sâmbătă: Închis; duminică: Închis; luni: 09–20; marți: 09–20
ChIJf8juU3n_sUARm-5pUhmkIjY,White Dent Clinic,Clinică de stomatologie,"Strada Șoimuș nr.107, București",040706,București,44.388963,26.1024807,https://www.wdent.ro/,+40314211605,wdent@wdent.ro,https://www.facebook.com/ClinicaWhiteDent,,,,,,,,,https://www.google.com/maps/place/White+Dent+Clinic/data=!4m7!3m6!1s0x40b1ff7953eec87f:0x3622a4195269ee9b!8m2!3d44.388963!4d26.1024807!16s%2Fg%2F11fq8s51jp!19sChIJf8juU3n_sUARm-5pUhmkIjY?authuser=0&hl=ru&rclk=1,open,miercuri: 09–20; joi: 09–20; vineri: 09–20; sâmbătă: 09–12; duminică: Închis; luni: 09–20; marți: 09–20
